Run,Round_1,Round_2,Round_3,Round_4,Round_5,Round_6,Round_7,Round_8,Round_9,Round_10,Round_11,Round_12,Round_13,Round_14,Round_15,Round_16,Round_17,Round_18,Round_19,Round_20,Round_21,Round_22,Round_23,Round_24,Round_25,Round_26,Round_27,Round_28,Round_29,Round_30
1.0,0.2971319557364054,0.26276622903371677,0.22148305007475455,0.21014294055178198,0.18265485387461117,0.18126352798199064,0.176068948668767,0.15634347473980245,0.1460504733786328,0.159148997440096,0.14520881583269757,0.1602284842760652,0.1551926558410525,0.15788752179132165,0.15459620233537746,0.1500126551368973,0.15559728727352307,0.15271085278307578,0.14169718501998976,0.14542559233342375,0.1473622545903544,0.14953863655203503,0.14526033157255422,0.1544521731527654,0.15613625874901596,0.1456311382105552,0.12851010300202026,0.13690820011997432,0.131977862904503,0.14822771717583838
2.0,0.2950641761115273,0.26428835259988703,0.2370879306837834,0.21321585568881718,0.19308419043799874,0.18723692620041324,0.17485351136091,0.16198398944123316,0.1614394964525986,0.15059416240243692,0.14861580746356187,0.15629215451578937,0.14277596697459638,0.15048960397933442,0.14676234780611064,0.12715518450876617,0.14896124494496849,0.14851663384373248,0.14886691265124607,0.14318635842201605,0.13561498188654003,0.13595435884102172,0.14566762702725314,0.14103185001090854,0.14769147111279124,0.14925445453188305,0.14898456949463054,0.14957565187033778,0.14557212472069303,0.14689359884029343
3.0,0.29429955646599276,0.23902571569270642,0.22762189079312953,0.21745631139408206,0.20029354841354793,0.18308925112152483,0.17601672814656272,0.16988561349243977,0.16302928714715462,0.15899694994097938,0.1609977009239137,0.140824588665562,0.15278582624274492,0.1521809078525122,0.1514292116597023,0.15771508945857954,0.15232113516268506,0.14801373730492798,0.14517539805029442,0.145691789393643,0.1500204927848819,0.12607282512494472,0.13160906024294872,0.14445538271237507,0.132719988000511,0.1505285543307865,0.15358496005720843,0.15355513402304818,0.15275897010342707,0.15067512411896408
4.0,0.2952719200942746,0.26536021352880085,0.2361175330240139,0.21369512341254424,0.18774965595824214,0.16885106197164068,0.17055428233190711,0.1625845651810971,0.16382318074449045,0.16499298994125827,0.1556848186812995,0.1599943270390903,0.1485290041511983,0.1492483483994172,0.14868416874245877,0.15325337398740002,0.14736109417331933,0.15434309967704873,0.14806157798281575,0.13233121391802902,0.15064515516823912,0.15614107589361265,0.14889633944706518,0.15246943631462692,0.14859743399602673,0.14138901279467925,0.1485822316630985,0.15352037389549533,0.15163635512291457,0.14898217084863938
5.0,0.21563581479903482,0.2512165424927406,0.21980162431412592,0.2129949020636467,0.19609622219227904,0.18734290209132384,0.16569015914179433,0.15777375283040096,0.150205934050889,0.1455006496890197,0.13099896820598647,0.1568380872914462,0.1440837622148599,0.1412523183081961,0.15228112464228719,0.15466839096697257,0.14253778785608245,0.141550744411289,0.14587739846945671,0.14820468088468658,0.13323918099890963,0.13697926666141824,0.1518224042169188,0.14998197473986233,0.14778553159703767,0.14867327791087245,0.13912860598429447,0.14407010852742141,0.1534492044508642,0.15312503057704696
6.0,0.2967630803182834,0.26643931881620314,0.2409046854807465,0.2089304190997329,0.1902799457931115,0.18915125871476504,0.17726362196383344,0.163234454955593,0.13985285471241243,0.15100177598673176,0.12718987922890446,0.15055245695796524,0.14738198490174487,0.15607127206717325,0.15248180467284259,0.15684946811786,0.1542101881528598,0.15344418136251695,0.15602631599202593,0.14957912810079718,0.13923522943789668,0.1542637527153831,0.15391871695352838,0.1555921242379743,0.14994907461097248,0.153177557631088,0.13851763323004843,0.14206526724331087,0.1532142670984871,0.15307317157118597
7.0,0.2962285358918196,0.24808330785523905,0.22313903013264327,0.19684759826859277,0.19730787746265913,0.18628061878565302,0.1730975457017006,0.1601492624599748,0.14897536352316357,0.1471836355307745,0.14447500964743762,0.14762019674399457,0.15589988887472633,0.1542305059350264,0.1516809782013278,0.15386454179212136,0.15504255672337441,0.148246573514948,0.147401166637777,0.14019565113515545,0.1379775380866895,0.15520570502767275,0.15238852329453434,0.15578745106754296,0.13884622398787722,0.1464648810651107,0.14673086166673005,0.09496230083826031,0.1328834576246042,0.13918915174684574
8.0,0.293685508489504,0.24804371238059275,0.23731547631418415,0.21726537403423196,0.19965945391144022,0.1758368244516545,0.17230296704409362,0.16648712177573968,0.16629042248633824,0.15361115918083573,0.16132657675204665,0.15343512478935853,0.15216346770417868,0.13722633642211404,0.13780087965399176,0.15580436029949565,0.15290881200550227,0.14134158218878512,0.14959030416186855,0.13930160623644788,0.14271698155920914,0.14189538637860818,0.13455558916596697,0.15278886831371036,0.1463683109979244,0.15400370180555087,0.15423921617382005,0.15618993579333115,0.1507532182748626,0.1537888828221982
9.0,0.2938278918591878,0.2660448621266179,0.23539429503321968,0.20829245928219003,0.1875451614103763,0.17921741502812003,0.14043631005876614,0.13932086193036497,0.13444450369123645,0.15123301630534317,0.13525419825735624,0.15802752109412338,0.13294866260325977,0.12080762343622606,0.14546876399386863,0.14563222296142245,0.1523745840869187,0.15303549949401904,0.14962437196510334,0.1513792485411333,0.15561377817548544,0.1441134352502973,0.13929384458886265,0.1535933825040831,0.1548391174578356,0.1446096289638224,0.15473872247681963,0.15019497509333427,0.14929482660610924,0.13684050719998295
10.0,0.2920771090667468,0.24826309759326073,0.23443945268538274,0.2151536375257913,0.17660581942297202,0.16557523248950384,0.165826237278298,0.16939185444869198,0.15431885224944378,0.15431898983214754,0.14624389683272895,0.12476533001389388,0.12620184708522839,0.14841260332918274,0.1320401631156256,0.15612277907022876,0.1550076467325737,0.14765790170266702,0.14723916961983002,0.1500968271381743,0.14237737842051576,0.1493749747427135,0.14884072093029513,0.13816236962391545,0.14369753310620065,0.14899236804135013,0.15222911623283683,0.1524578156913808,0.15431825474498703,0.15723560305836756
11.0,0.28850285281310234,0.2612579687156636,0.22273290797823994,0.20665423226966215,0.19236939861997435,0.18063902675200535,0.17089627061299056,0.15268188001628993,0.1449461196554254,0.15766864412900616,0.13164227184361726,0.1503811082625624,0.1386554780814788,0.11142347303467356,0.15117927552568136,0.13015380607603583,0.1552446959131575,0.1590758497752777,0.15030946017012167,0.1574968781224713,0.15722621872067055,0.1484939510754601,0.1472151873889161,0.1517991180362009,0.14872339882965355,0.15242770703055517,0.1538716237351139,0.1428097977753073,0.1488134234098602,0.1474148115705132
12.0,0.2952453994617118,0.25469954087881497,0.22561459415673754,0.21117593380940092,0.1548965800495422,0.1817712719347794,0.1661582476314493,0.15582661952062804,0.1537028925077647,0.160932774800817,0.15937231485230738,0.14055937681360278,0.14096767183118541,0.1439224497047573,0.15128094977460496,0.15185136798873433,0.15638855854810424,0.15366009015343104,0.15470108156975448,0.13213322904463543,0.13142684434055474,0.14479314987090955,0.15477130613820114,0.15157383110802614,0.09489593380013193,0.14362610919065405,0.1467123201536916,0.1514071724617877,0.14972730782756072,0.14681738153751
13.0,0.29405174256146166,0.2574220058679807,0.23911177959113794,0.1674018142791159,0.17374232029320621,0.1855924065872092,0.17870709797832524,0.15546519466252928,0.156597816445176,0.1592277657408413,0.15719740817476932,0.14747720852465324,0.1602161839424739,0.1529549707638436,0.15529508587332216,0.15386564819610185,0.14924905594647075,0.13875732254728024,0.1324164821285107,0.13934587576493992,0.13713982848540404,0.14193500739458206,0.15208895708454445,0.14883263667359026,0.14709503769914295,0.15165099872739798,0.154997274646738,0.1542579886844904,0.15004826286537054,0.14583148002266041
14.0,0.2940241335476514,0.26508091743564516,0.21067595854992943,0.20746962858631532,0.150968282754218,0.17123634190323161,0.17550427901710336,0.16094596241654494,0.15469505503851877,0.16165377207833528,0.16106406684625346,0.15370488573619662,0.1459496881819304,0.14847228005873006,0.1431976942322537,0.15659683489735746,0.14774714564515595,0.1416373448102093,0.12345541585588168,0.12049711626825703,0.14551898310651804,0.14130061841427313,0.13388108910854207,0.1363074607311159,0.14490989741462149,0.148119144831363,0.14390637290160502,0.14773886639735223,0.14837417594463437,0.14814435760303216
15.0,0.2960415238380235,0.2660875506068246,0.2398676075906732,0.213554400589522,0.1962479715788169,0.1784145061845555,0.1576672116962931,0.1718350163798464,0.15254546230678512,0.15241918662486556,0.15655843957124313,0.1499657680628944,0.14634070915752617,0.14986421326973473,0.15138903630067957,0.1421666362026969,0.14932873556798248,0.1542343781416834,0.14142957827093353,0.138229541953677,0.13814612506410462,0.14624321415260041,0.1497575910440014,0.15137464005633053,0.14878477254713393,0.1401305127492861,0.1533704464674781,0.15117884737819243,0.13544577932357135,0.13506357829388865
16.0,0.2960763010336082,0.2665027126187437,0.23955659003442914,0.21215063843609844,0.19885989546716873,0.1787964888464383,0.1726348608729717,0.16722358743970822,0.1609750802627813,0.15196125687686746,0.1510249712368822,0.1556746148703101,0.15468139230997888,0.15870160376065487,0.15878325448723501,0.15531555855856596,0.14801230109076968,0.1503088487205692,0.15000656164979234,0.1450624466631401,0.13227711723841962,0.12143974421051891,0.12281189608844302,0.11775393873682125,0.14330567195281427,0.15238656904949707,0.15171472989542942,0.15166404991591248,0.15257690366187324,0.1556851982942604
17.0,0.2868529960503364,0.26055483937156293,0.22880374585306884,0.2153760467544388,0.19747183842486896,0.1793065122252909,0.1678902767485546,0.15134603133072516,0.15237448660496428,0.1447802131935827,0.13764808670496326,0.1477126240881376,0.14364686916981442,0.14259524651986702,0.1517597122193268,0.14588755453961982,0.14959382062225413,0.15443701130094734,0.14301833263379507,0.15090200385957908,0.15055167165512243,0.14481233700526283,0.1519564008711912,0.14350845412150923,0.15235661135090325,0.14549723657661642,0.1392922731792108,0.14991852579019022,0.12985233103351787,0.13044448669810554
18.0,0.29661907678168525,0.2657774989241871,0.23678620802326558,0.20021266782760475,0.1772856371582518,0.16981848109311407,0.16668448408717804,0.1711098314406786,0.1658222730441497,0.15193998589371563,0.12300055157705689,0.11243943388765264,0.1475571685659847,0.1410987113337761,0.13433525492963758,0.1487605056116005,0.14138061029556157,0.13983028593572477,0.15159641428417414,0.15081248973371447,0.14880772902934733,0.1478028917989932,0.15305190119197518,0.15392854351920832,0.1518437620355906,0.1305799294460296,0.15362396912099088,0.15461001308252528,0.14636990726829233,0.15039059738327823
19.0,0.2933036524445333,0.2640772041201981,0.2314769232477845,0.21654523077991084,0.1959603063243532,0.17753983383723485,0.15300136431422268,0.15493548685229797,0.1550258176866041,0.16254583042018336,0.15440670325145617,0.14666868872976443,0.1372550026401121,0.14007819384887224,0.13811814765485889,0.1361257331901042,0.14456207081337266,0.15238889523499158,0.15235945531803624,0.14571764791280015,0.12870158868365875,0.15413008758512423,0.15366252582659848,0.15210506345131591,0.1527111195493175,0.15393423851682944,0.14441174936469048,0.15289004530615952,0.15438702349265238,0.1516878404206744
20.0,0.24894802040375494,0.21912298884730236,0.2222743352005748,0.2117868794179461,0.1890598131036908,0.18268382224606627,0.17262887453797574,0.13549316140319054,0.16735074007547204,0.12973119178331524,0.13265674906182812,0.158629315894929,0.1490231423183885,0.15484135105670718,0.1527013980249772,0.15235987395062622,0.14412221517337234,0.15428104150380917,0.1506483058669425,0.14848385494234378,0.14648399343516574,0.15425524925178058,0.1536510111302216,0.1449880917749893,0.14540760679961573,0.14374343407408025,0.14964414592508943,0.15387557203229793,0.14401438773225947,0.15039381982209218
21.0,0.29686495752205044,0.26716132817526883,0.23452985097708215,0.21182475525203445,0.19637383352160415,0.18811297562316864,0.17302801220882885,0.14953698827203873,0.15972635033570853,0.16519664068022477,0.14939972605186183,0.15552297659284045,0.1574773674584651,0.14362638308411207,0.1407171392790918,0.14651731930066111,0.15436149584267933,0.15473118062264998,0.15056225234456752,0.14133576828909175,0.139613641109227,0.13381143745704863,0.13452651608586916,0.14720551636927667,0.15545774630514006,0.14499426902401769,0.14589989012174617,0.15611736431899714,0.1503278664270605,0.15016119088699442
22.0,0.29775420116105056,0.2465323676825329,0.23464204784560905,0.2139814326011043,0.1917566929116594,0.18842850298994285,0.16722008952125295,0.1692315791864043,0.16787048327093967,0.1474027824440243,0.14522668725355675,0.1424648198947322,0.13767828876836732,0.15044489590676632,0.14033216615476768,0.15203196863903704,0.14077949131483222,0.15561212140304095,0.1425243507842141,0.14479185263778616,0.14464559831507212,0.1487996809749995,0.1407042587461592,0.13318079054796086,0.15315549954747604,0.1336200927323705,0.13853146579955028,0.13799542421442335,0.13571525622023542,0.14003335712871642
23.0,0.29619786397078574,0.2621375419644857,0.22772988680925468,0.20087068271771236,0.1934047802627346,0.17587827167844025,0.16216906968534125,0.12375505606147157,0.14184505223831792,0.15446349317671867,0.16073304959473503,0.15307221992725867,0.13503482150643975,0.14276894269931692,0.1519614775275662,0.14331549599277357,0.142486499341819,0.1511988072376877,0.1415921688139654,0.14205097996169166,0.1559256209910707,0.14081872930170602,0.1463093197852512,0.15215590449346883,0.1515381771559962,0.14806109888838853,0.14617484156033994,0.15345386343308312,0.14580778872337316,0.15025598877443702
24.0,0.26519016275241203,0.23370142387581477,0.2337677254319107,0.21624920511036344,0.20103394886511644,0.18482241076571157,0.17525276179298954,0.16337832727387783,0.15540078248897268,0.15918483649610413,0.15217136678354665,0.12534966212487605,0.1450921305526767,0.12085366728563778,0.15528161816879654,0.13975919341250684,0.14796494957949335,0.1395360908712747,0.14406550132604212,0.14738029981836928,0.14598573092416223,0.15104536405514876,0.14790843226289546,0.1522498256513693,0.14622609006028242,0.14450514765527375,0.1473493528735265,0.15210187161335023,0.15271253727748096,0.1535557181324104
25.0,0.296695513447642,0.26504697454764536,0.24008505339507652,0.21727060440761353,0.18602617332206398,0.18378563857338923,0.17918768942018387,0.17077740071989175,0.15863290663552201,0.16108407618305876,0.15653982020350782,0.13845712019976747,0.1461230392307038,0.14685464392872416,0.1503994066304275,0.1496059269594031,0.153538694934273,0.14629915789390577,0.15275813628200804,0.14556598344845073,0.15254206388834451,0.13996320235171747,0.13166392620534575,0.12489004656145834,0.14284067779030335,0.15772305095692193,0.14984281454859427,0.13923871462542434,0.1526574179583474,0.13847051688777648
26.0,0.2956630803004899,0.24870235084300352,0.23264101081222885,0.16069692554351497,0.15558133100021485,0.18525295403589515,0.17174517213477594,0.16348113801073155,0.1520896616631259,0.1563769489630423,0.14986716575159445,0.14651442559282646,0.1470358119469341,0.15641502450924746,0.15606243667230443,0.1452890502744772,0.144911065115782,0.15428633742172562,0.14913600857157283,0.14569274336219254,0.12852296899904497,0.14754174366683145,0.14489976976942268,0.1293614134059741,0.15448531102145577,0.15360205455761297,0.15103924241979186,0.1468254818523566,0.14613036358963863,0.14626360793875848
27.0,0.2962374018685094,0.2556019715647353,0.23482902998731411,0.200852437631512,0.19294030239398724,0.17632383092544485,0.17334372629720712,0.1718535061801628,0.15139791648922538,0.15437751626690802,0.15711585571975906,0.15431598349537265,0.15727659260098703,0.15524246945134745,0.15251410783523703,0.14157843083938643,0.13653917685765607,0.15089183373135853,0.1553948502606251,0.14827707634254625,0.12646174862860662,0.14477340922434154,0.14799554500270884,0.14768529893494958,0.14732346821866713,0.1420598111107148,0.14350825167461867,0.15480943499481392,0.1450076103644491,0.144107920140279
28.0,0.29492979666223185,0.24547714901144507,0.22624196341359118,0.21276139564804317,0.1940711063568818,0.18189779988506163,0.1703583667149261,0.15739675465530373,0.16688892508837666,0.15723869187961104,0.15076469910510693,0.1563183516779072,0.1518477750392501,0.15227688150076013,0.1537590142956173,0.15147829286522035,0.15678708194821234,0.1551682306132515,0.14738593283579848,0.15207211132002418,0.1559200488083604,0.15721332456823733,0.15668139173628395,0.1497896239574683,0.14804677866121344,0.14081175510060076,0.1507820205399738,0.1456678278550832,0.15551516681212355,0.15916510384884436
29.0,0.29585363705195583,0.2664057153610617,0.23412445832480525,0.2089509773566389,0.19316776380033443,0.18874116242181885,0.17623226553831278,0.16702151152718728,0.1672434833672483,0.1629129648942515,0.14654823609058285,0.15955438461802116,0.14978948951242352,0.14573762957570918,0.14269561995740607,0.13364234234777242,0.1393399265726231,0.148585606644965,0.15089331504516287,0.14787869529610928,0.15251228880807097,0.15220405017076907,0.12989923557860092,0.14524848615802524,0.140432142982143,0.15101121198556458,0.14482850343518613,0.15141903767163606,0.14329370173565445,0.14704351889744197
30.0,0.0,0.2574339989173447,0.16644489547562075,0.15996534905438037,0.15653796977473042,0.15884756043406,0.1583331256451544,0.09618786313765171,0.14234687977576566,0.14095057476199263,0.14689777929543915,0.13927758848645658,0.10846525950081792,0.15683855591470658,0.15562139746242948,0.140527812008159,0.1373017026373129,0.1276469079609188,0.14448306234323782,0.1556081330317477,0.14079154580523975,0.1289068752405316,0.13381641725799714,0.1549343648449176,0.14483510887741033,0.1341078494770029,0.14135636290077178,0.15104783812317168,0.1561590921096422,0.1418759514166264
31.0,0.2965564481090816,0.2638959140013454,0.22090804313811246,0.20032865552722184,0.16261962677122793,0.15351214117067008,0.16435177244126203,0.17091008580790776,0.1603592535216054,0.15631985959242356,0.1471429732838444,0.1521116205161788,0.15114836692413472,0.1474777343281218,0.14633484514261297,0.1480972181809672,0.15413400465631577,0.15257544569393366,0.15218475199888318,0.12419430675007037,0.14683042443016295,0.1520563423938694,0.12220883694355293,0.13588285073749284,0.11804053848387663,0.11782810326520256,0.1425286477773712,0.15636489780292148,0.14900489214141097,0.15150386166338603
32.0,0.2963091322893224,0.2666534271991337,0.20628835174974988,0.19199348944279288,0.1803629572365688,0.18391135017660076,0.1652941742676736,0.16696442264121794,0.15765937828853865,0.14604552482447028,0.1523506772796402,0.144266951486901,0.12935515061698177,0.14258810163352229,0.1522055594090495,0.1479583711141309,0.14535859424612965,0.14639880982920753,0.15287484100300583,0.15032458414339048,0.14856752442742502,0.15236923422892165,0.14846064989389413,0.14578947306138923,0.1462207300386365,0.1409714459081322,0.1489063499401391,0.1478007029342866,0.14766486638325346,0.14317632119905957
33.0,0.2928167074718778,0.25912926171038747,0.24064076376915705,0.22073714396382554,0.1995500435754282,0.1747668239262124,0.1742629518130042,0.16372060500416466,0.15333210790675053,0.14425840904740364,0.15268820680672218,0.1593229337981905,0.1577042119601033,0.15618538370975685,0.15833459211468742,0.1565685751549581,0.15435637937479965,0.15328260307214805,0.149106453174117,0.15331678941360566,0.15538811238687922,0.15139596890561585,0.14993661046575255,0.15493748694266116,0.15062872417435355,0.14408155296830863,0.13663999512941535,0.1336951939828766,0.13495428686692343,0.14778405932017616
34.0,0.2958510514400863,0.2653650072978827,0.23982917329606301,0.18477507540368374,0.1907157911571358,0.18352757213566442,0.1707916537554536,0.16922818777785847,0.16368004789727197,0.1594939648798294,0.15946338495346415,0.1598163322717543,0.15765622108417726,0.15170316250277105,0.1285557429695118,0.14784148414352088,0.14552825514286974,0.1554876228920932,0.1538660081067065,0.15678175357207427,0.15118222433197678,0.15098285644906978,0.15526058194244088,0.15428455963639381,0.15446448539523835,0.1518376500142033,0.15671218605645473,0.14750484163978192,0.1501952301265957,0.15098427324157943
35.0,0.29605743101488613,0.26646991840926026,0.2386754558181022,0.21550449652845424,0.18215225857811732,0.17927720963991298,0.157336524336434,0.16292199468822563,0.15858338094726093,0.1577796813361912,0.13590514306281581,0.1518352490509435,0.15183748476156736,0.11952150834016974,0.12199776796582941,0.1457695812138346,0.15486864184760693,0.12610797956991673,0.14632457025048407,0.14805381190955924,0.15110530851373952,0.153672651724771,0.126360546173329,0.14318048103935369,0.15427284757117987,0.15424021223365997,0.15365356521342569,0.1542140058327404,0.15208105396432856,0.15335334234379855
36.0,0.29165664650127676,0.26417849424324524,0.241681521643665,0.20790807830793073,0.1905164382399433,0.1795035458076887,0.1771491139005371,0.16825547136325592,0.159196200515343,0.14737920257103806,0.15600221632105782,0.13588489579194352,0.13914282298833355,0.143755911122412,0.14198680612302592,0.14387869639771939,0.1424492615985473,0.13216999149004383,0.15572562382176816,0.1552503316273534,0.14920709852101544,0.14232833210044876,0.1277409475946618,0.14895464046540619,0.1446160488005469,0.14817769701417888,0.14398369440709657,0.1487344331111059,0.15050922606117412,0.1461731153748003
37.0,0.29535056755351186,0.26670428979332916,0.23195412383719285,0.20846722105422902,0.19124096485787273,0.1847893285661921,0.15563672427920608,0.1526145742313826,0.16447891649145385,0.15388849501430502,0.16244307867248312,0.15535823959419445,0.1506802493919212,0.1474157337870331,0.14325410482443976,0.1552952098772687,0.1468118198104398,0.1531192890730542,0.15094893018426458,0.14319247202667856,0.15239244657389067,0.1358027632598431,0.1381440113020915,0.12985531797633887,0.1453757861489837,0.1540691959240556,0.15298837768652848,0.1407236181865133,0.1522610696162298,0.14270759009667952
38.0,0.2974614629091949,0.2605914662054019,0.23550944359261952,0.20137048557923384,0.1710368657028093,0.1816926461204389,0.17417990056861316,0.17072313144345086,0.16083518737908,0.15084359296531752,0.157849309026405,0.1541566844263486,0.15853445059825944,0.15238647017831816,0.13891608081482099,0.1495305297414601,0.15121915153619872,0.14815898388484586,0.1572118237429512,0.1562487437439377,0.1572528779474731,0.15608905492671202,0.15858456521776337,0.15795667291502954,0.15786860126651922,0.15276576248007206,0.15132256757296156,0.1439883925208946,0.14942375671952204,0.1524137483183628
39.0,0.2972235367490019,0.26577048386406127,0.24013654668587928,0.19585883076333777,0.14364965365925328,0.1611678402029139,0.16001261391359267,0.15656038265361408,0.14690834340752418,0.15039961553713105,0.15510661995759245,0.15782597274868584,0.15347781954158632,0.1536469929854456,0.15266278118999738,0.14754601457950334,0.15594264670387709,0.14918897532795702,0.15247659463439994,0.14818025359410184,0.14970901159508124,0.14588585480643146,0.15257115793555806,0.15736309152525893,0.15222025934572855,0.1458718027725381,0.14165729354160592,0.12856865684955537,0.11833539646055678,0.13069033864464655
40.0,0.2963093280924883,0.26457926726059294,0.23644240925478643,0.2066872498577786,0.19860276547560393,0.17661000176078648,0.16847742439110958,0.16084344995559197,0.1575487429507467,0.1581999776588886,0.1587934037577005,0.14080620570810282,0.15214846370661128,0.1388662143929418,0.15626726322763795,0.15634611507660606,0.15454492209706425,0.1531420725217018,0.15236765920192608,0.1492092030147516,0.1498429299653217,0.1543756910031381,0.15254806474690707,0.14827206320185066,0.15621736401379396,0.14725700936172065,0.1342676573600071,0.14924960406065027,0.12186895860547364,0.15460859710392963
41.0,0.2973734811325342,0.2679457037883491,0.23750413554642572,0.21703326187438618,0.19646112125020204,0.18265738227209055,0.15545014356912498,0.14767975142516418,0.15889083777554086,0.15359076722367812,0.1423428754343731,0.13606834084364003,0.15438375449012562,0.13178825954963103,0.11663344343890387,0.15842395252748423,0.14234247241647555,0.14157215605224732,0.148338458379503,0.15019469994780948,0.15639091838084626,0.15653325155349193,0.15663182111204174,0.1527995281663219,0.1410259945292889,0.1537125858461238,0.15196700877641142,0.1347524294434647,0.15624348673596236,0.15793879820739884
42.0,0.2954314760943642,0.2649731861480215,0.23645613043623973,0.20509245925098668,0.19715280403816074,0.18502184043270709,0.14665740516047837,0.1485279985106516,0.1443017766686917,0.14433398591045216,0.12629649202922297,0.1363858980162893,0.1297125352929184,0.1462747060877206,0.15313050948917334,0.14928319453914798,0.14368334129495774,0.1104837227337182,0.1111774102368039,0.13250672036557706,0.14719308148884777,0.1358068877719886,0.15166370235184887,0.14355416413095357,0.1525434172001038,0.15438507042349406,0.15041804687497512,0.14445104736388498,0.13638515488997474,0.14914866846814717
43.0,0.2868721974245115,0.2591521374552066,0.23054502460342471,0.21432065442573658,0.19734479573142605,0.1612311419540963,0.1420248036509522,0.14327540883763945,0.15893049035243087,0.14510536664131435,0.1605710417134953,0.15605321768665673,0.14854909167275365,0.15393916736468027,0.14925888574881377,0.1528928114891164,0.1293708051684245,0.1391136357592116,0.1251461312916846,0.1266133303402579,0.15229502887663424,0.13950164601950102,0.1459002236826268,0.14957188154898696,0.1496112284995119,0.14990533408296342,0.14944394471931344,0.14132858787175254,0.1440664412196605,0.14889468482687973
44.0,0.2966695662911897,0.2597603623550445,0.21924763584937831,0.2027985861428088,0.2023853239675912,0.18950874773840148,0.14331927961154364,0.14217736074451523,0.1370509280221201,0.13672574130930942,0.14205624511165754,0.1564098487536792,0.1574380252183436,0.15800293396988416,0.13176763835806446,0.15852769440230777,0.15263449084473302,0.14156046675896125,0.11865896929297494,0.15182689382365722,0.1232345781258967,0.12409660174379016,0.14901587814987527,0.1497846407228911,0.15208004780992665,0.14553647518705723,0.1425181117131434,0.12668666892518946,0.12986018156519474,0.13623559264772608
45.0,0.296546365446927,0.25609980960585926,0.23306619975262385,0.2180167129658457,0.19013765329767118,0.18255300139849392,0.1691641783975212,0.16951902634426236,0.16045215638945642,0.1530265985077178,0.15665409293462534,0.15243194221690065,0.14918484874474047,0.15361386946859332,0.1569698554724744,0.15603329065204694,0.15639325910230953,0.1505402405464865,0.13985211861579935,0.14186759252234665,0.15256830614429168,0.14961734244518515,0.14861261672861695,0.13084742399640453,0.15043852402209112,0.1536330167153741,0.15542268029611228,0.15499747649159082,0.1515544050728495,0.15111381877464258
46.0,0.29359664276650743,0.25488503604949353,0.21744116881570952,0.20678273137378994,0.20089466473365242,0.1868328441194636,0.17292644980162777,0.15902333192295634,0.15872738904161166,0.1597423204422726,0.14787639536279276,0.15655658158533317,0.1540383744866714,0.15071958999185242,0.1432657359213079,0.1413905694941205,0.13674076207990865,0.14302309059858265,0.15038359627375694,0.14433632706047253,0.14762235695798587,0.1480593100799024,0.14646331051034553,0.1536717170748558,0.15391722915769473,0.15082759997660697,0.14663163613563623,0.15485176366802422,0.14132262928574685,0.1491036179535082
47.0,0.29469380244065396,0.23413812727308284,0.2153210997255751,0.1638072759451025,0.18238833066789456,0.17597100364352006,0.1607203763789479,0.157246154807514,0.15642975462118766,0.1647999369802048,0.1554796242622839,0.15245827659442537,0.15432822293755047,0.15490627678388177,0.12782696538842073,0.13541510215903305,0.13833334207847803,0.14003389660246324,0.15218735098515793,0.1446834834150672,0.1525334131714103,0.15302189454120632,0.14368997870109354,0.15270786032545666,0.15381823813596696,0.14207941852512287,0.09883764789416799,0.1408954359828674,0.09774670422241752,0.11729229221576862
48.0,0.0,0.2619821222885632,0.23896678233566862,0.19712246970502223,0.1932125212654923,0.18143088494013215,0.171445572806031,0.17283460410503665,0.15803211378204107,0.1614740578924698,0.15549097162429698,0.15664964735757278,0.142830169469635,0.13943872448924316,0.12603755177273887,0.12372215026844571,0.14245514139910964,0.1529636473624368,0.15288307533681605,0.14398381103803387,0.15013434394640987,0.1394946382200405,0.1528346776008046,0.15607064868906928,0.1442653843509999,0.14732773574273697,0.1544872517873073,0.1405957204481241,0.14847665642798877,0.15331142623840358
49.0,0.29144507686567456,0.2666014897873051,0.23150687819230487,0.20939910382025895,0.1969467923668213,0.18604292101044267,0.1735291240228855,0.15932227266136723,0.16460932127473255,0.14786067629176253,0.1511337195663679,0.152506077162753,0.1541751432329996,0.14831370246964468,0.1397681279980581,0.14098357787563912,0.14764929942740007,0.14484566225719253,0.14060070820234155,0.14549909507312556,0.14956227344930578,0.15188596663742962,0.14979568864694434,0.14785928868958015,0.15339282819130828,0.14478135562239947,0.14591914775410467,0.155409878141467,0.15247709556015437,0.14527125318881226
50.0,0.2920949943433435,0.25908298073749214,0.22537446593485624,0.1808104884330817,0.19176015107656708,0.1753511852595538,0.14555898174235435,0.13832391117949028,0.14404846400775234,0.15181205397996914,0.15298107358425708,0.15005760707293317,0.1543617500049574,0.15269917423609577,0.14936402665600876,0.14842550797632334,0.15002203752044682,0.13180770878356998,0.12993407323033218,0.1481977049279921,0.1503503964310802,0.14642299160197358,0.15281980291331546,0.15228796928121266,0.1445302612069695,0.15355252209878945,0.15164648383260804,0.1532238846063943,0.1371146334877579,0.15429859636818247
51.0,0.29639414075643394,0.26393142242784035,0.23397051963703552,0.20818880071114998,0.1929897212117962,0.18306044545865285,0.17386960823037884,0.16876047385385406,0.1668847198782382,0.1539504017248118,0.15498437096463966,0.15827461130527898,0.14158524694252042,0.15257202001639206,0.14952266532389744,0.1518306967824214,0.15262915073025085,0.15606666346020415,0.14371707770504366,0.1546419600650286,0.15201723173161605,0.14864340553523334,0.1313656650907313,0.11542961223457279,0.12936421995453326,0.1446122177986143,0.1465327597345108,0.15457164911795812,0.1415363802231439,0.14529253078736415
52.0,0.0,0.24626310747841465,0.22921103805396936,0.20083406031723292,0.19628215745476538,0.15312945825138802,0.15240020211745414,0.14141941354263773,0.15407063692419387,0.14701103410257646,0.1419407713209408,0.09496618866967466,0.10507163856920705,0.14492330052129399,0.1474916931707489,0.14536518366035522,0.15180788998385328,0.1510153691567848,0.15471508691813746,0.1543004064848575,0.14723202240633032,0.14614032091700932,0.15379409394527638,0.14161912042233304,0.1492055456959633,0.15059246506888643,0.1480549678328008,0.15067939065986696,0.14706315690335772,0.13868266152715727
53.0,0.2956504331367681,0.26553849327815837,0.2393505041878241,0.21135139685908896,0.19909102094658995,0.18375715910214135,0.16715078777081013,0.1657541604269819,0.1564483324364243,0.15206033861864168,0.14718764859148992,0.12678649050196375,0.14991671094472483,0.1475667679470949,0.13019590655707305,0.13787549391174184,0.15245645782799674,0.15304852552785325,0.13752498960818813,0.15006119723463757,0.14775330955683288,0.14725821480446666,0.14957401587430888,0.1514294747498803,0.15096513666987885,0.14895000441587286,0.14908620742875267,0.1499142846217917,0.14663050077664663,0.1530875026863207
54.0,0.29632290188644145,0.254832294850751,0.2383744657703339,0.21467892838166497,0.20033131220463476,0.17988619941991396,0.17434385465831206,0.17033903663340136,0.15654448994821235,0.15346447269367056,0.15818503182126817,0.15538953244639325,0.14874875163439893,0.14737225147471528,0.15687279679659819,0.1387303709624959,0.1313641120011977,0.15447040200655132,0.14621892972614955,0.15103269063733543,0.1433328256158021,0.14769017631327497,0.13778096205373805,0.1410316736895809,0.14946718249132848,0.14945687802772528,0.13768625828979136,0.15089999395565398,0.15162215681343738,0.13148204333765376
55.0,0.29103361148739915,0.2600013505205571,0.21629220031711047,0.18041090233532234,0.18864196792055196,0.1816663040844096,0.17285587472708794,0.1702346731042793,0.1645878936020585,0.15370326630112713,0.1580259839707721,0.15893876009785698,0.1569300574099558,0.15076391145730728,0.13232377596918254,0.157322702277087,0.14972152644137454,0.14426274843999468,0.1519266963894372,0.14443462941263976,0.146107503838499,0.1568163311285507,0.15555712002804492,0.15224311671431254,0.1554672093661802,0.155485472399995,0.15766834028189644,0.15272830400885168,0.1497755228639479,0.14877241089402227
56.0,0.29515658310388454,0.2666765988110655,0.23917641685584967,0.2065011045808983,0.19416789212799004,0.18288989154334306,0.17445363636984068,0.16116238273519137,0.1628652118793431,0.16024922619708282,0.15287686607511244,0.15378937548223226,0.14878118216845776,0.14220561630698011,0.13821463984870697,0.1466572282160101,0.14986461779894683,0.15233697857966516,0.15077808789014946,0.15605687917895156,0.15732589419471743,0.156544721964881,0.13965282920096173,0.15416211028024426,0.14677823799826226,0.14218892216953566,0.1499767394037261,0.1546002012871601,0.15174404057821259,0.1547049595979995
57.0,0.2930494756991142,0.26488829217385684,0.2183017121307684,0.1953094529011125,0.18752520514564103,0.17199822785691846,0.17171083611408983,0.15023137909172035,0.14949902432189063,0.15244313003413115,0.15083795522196103,0.15494346412483875,0.13444027550940743,0.14095230005471615,0.13774063109681375,0.14164700914419034,0.15638453471786867,0.1469125832699044,0.14250937378926218,0.14378063656980256,0.14431872462970174,0.1520556849241081,0.15258925729474976,0.13752367791757505,0.14664464085083587,0.1510133755700414,0.14303374525090903,0.1506589328221683,0.1516605561614943,0.11279862952925498
58.0,0.29557281928114065,0.26394493034661903,0.22683536761020806,0.19846037727029434,0.1781287236131127,0.16610869729644445,0.1771987683229818,0.1655865093566278,0.16034747144780712,0.16314168359127879,0.15730108410771582,0.14448458876617176,0.14138773775287578,0.15322480802324842,0.15862151456396692,0.150231814068159,0.14360586823754892,0.1461074445667855,0.13458042072113352,0.1405581202172036,0.15687272759743412,0.14950978868083267,0.15172577160895032,0.15579463844394317,0.13642276267132172,0.15113782462202374,0.15402509235025083,0.14689525261238462,0.13914218844796894,0.15586385538408679
59.0,0.2968131700920409,0.2659648344327292,0.23330031503917933,0.21747781249511142,0.18561983792979536,0.1794037265833744,0.16951546589705999,0.14755514271517348,0.16682303923303457,0.15906241568457508,0.15400149252308354,0.15578139440761998,0.1558046273322767,0.13698163230972954,0.1407238526758875,0.15301713503466188,0.15356908302916766,0.1512864630126455,0.14959462371063528,0.14412209187499203,0.14364668944348194,0.15428279544698026,0.1539898905727897,0.13436886979063,0.14154350890722833,0.1542311399794502,0.1535958076425395,0.15486974543990756,0.149354052887661,0.15068019991561804
60.0,0.286626310370915,0.2568293836361128,0.21693729692466443,0.20062259639514743,0.20007279478707896,0.17681150600404136,0.17575914024101472,0.15680773189074765,0.14993446380734513,0.15118456986547643,0.14921395012298547,0.15075450162274528,0.13484926243481207,0.1389663838836873,0.12411025199424262,0.12200628559916267,0.14689071560577002,0.13882388838344026,0.1409267649856639,0.15010875616705063,0.1252430265339164,0.1311790559714135,0.14371883176997116,0.14715574478884022,0.1536764806212396,0.15040074267805692,0.14927594055607732,0.14351107691929055,0.15430454205768676,0.15578621411726304
61.0,0.2958784179965688,0.2670039087201689,0.23486868525407548,0.21523525514267758,0.19523957284734644,0.18186594799313255,0.17888551437923436,0.1701872744333875,0.1538888585210131,0.13928407666778023,0.1411309754194755,0.14045117645889016,0.1518275199094013,0.15358970206204353,0.1559672241519495,0.14575550842835275,0.14709164619898407,0.15474921603863234,0.13872557289889495,0.14568653786757738,0.1367135527297596,0.13273583014680626,0.1473602272637497,0.1398265688749993,0.14755168982570624,0.1495937983731103,0.1519997804452891,0.15455252430408253,0.15180130426005103,0.14595436739141754
62.0,0.28219463509309806,0.2658473794880719,0.22410695021777827,0.2095799081918469,0.19346144741754895,0.18173789013934433,0.16914934318643227,0.16762275765385878,0.15572467985705504,0.15694974645427587,0.15867110311933438,0.1571783515067252,0.1507541454987215,0.1429893233918594,0.1515840988306484,0.1521431369838962,0.15599197974583856,0.14548956343553596,0.13658364085377583,0.12641745994139086,0.14413358612837135,0.1472776305503789,0.1511653198259307,0.14815482613393402,0.14889807506804076,0.14818495561527353,0.14426451341021723,0.1398836180549806,0.1339375833107542,0.14639234001604973
63.0,0.28641825632596574,0.2654574194884699,0.2397561253941109,0.20749644562848393,0.1944499384660115,0.18141737765725602,0.1742491918357775,0.16983964031513163,0.14847162689058768,0.14746458380488833,0.15653146760872902,0.15899024188873656,0.1512127848872714,0.15440737099989715,0.1521335185398003,0.1393318967161042,0.11928768156650862,0.114835710277024,0.1292944886274255,0.1469070175969118,0.14615078196021153,0.14619558036482808,0.14338781629987812,0.15017565133277758,0.14597079737851976,0.14757764539829946,0.14633518579297192,0.1504601767534892,0.13675101286686442,0.138171222575656
64.0,0.0,0.2645446385206624,0.228445677957145,0.2055679308167667,0.1507989773387112,0.18030048041372734,0.16194919224924284,0.1613419386503725,0.16040317841141824,0.15458331514506843,0.1393866102447527,0.14550235082964,0.150113582787567,0.1535002376169231,0.12238549192597883,0.11874640320623193,0.1459668804115252,0.146637982409856,0.14801713735221633,0.14308678489073984,0.15260296198311102,0.1517148302175186,0.152515351040863,0.14502248828103145,0.15447094986993748,0.1561111975078,0.1530794346829452,0.14062043569303526,0.15097596404190056,0.15100697635368907
65.0,0.0,0.24916351571542067,0.23733947130768188,0.19985742715198584,0.19973840890565023,0.17273634680448732,0.15723284624533518,0.15615569105886346,0.16272648317936322,0.1586419733428357,0.14942238004022784,0.1449088934942428,0.14238475387133992,0.13640214574318651,0.13194209587079211,0.12200350567035753,0.1568735365967286,0.14696917297384737,0.15045809201288557,0.15315412032765907,0.1517785879969744,0.1508648637721877,0.15226010239049204,0.14127200728349548,0.14634632472461206,0.14943781286660726,0.11687420456701408,0.1227046266400406,0.12461846113949761,0.13768531948084356
66.0,0.0,0.2653455299287867,0.23849424415020157,0.21683343966929103,0.19856453901908627,0.18057041914458186,0.1675273619220493,0.14777872164708053,0.1510660763240399,0.13699335936024393,0.14416379035521307,0.13995436744529866,0.14130497361782798,0.14713198318177562,0.14971717370873283,0.14727494317044926,0.15463515936055683,0.14631223467243074,0.14924633012368496,0.14331272626399458,0.13564483004816513,0.14431942899385203,0.14528370004533708,0.15024874499423185,0.15398908158045388,0.1521982788807727,0.14149711857304992,0.15297736517385527,0.15316081671744325,0.151788483054169
67.0,0.2919903496854115,0.25998735846894944,0.23571288582515904,0.2066461277368752,0.18447025546331117,0.16034154342779772,0.1650109295513051,0.1320503837595924,0.15734784153696263,0.14443771894879098,0.15718151583695542,0.15069317724798642,0.15500367670290274,0.1550277504585067,0.1466288254145669,0.15152008663423308,0.15057865089659,0.12989944283437954,0.15266888668042583,0.1495047575301578,0.14838493703274916,0.14108320621237386,0.1469887735523674,0.13656957095862893,0.1417780580451802,0.11941075305164073,0.12838463264053593,0.13951508354299666,0.14594955719680772,0.14934672746004457
68.0,0.29669475985028204,0.26451685221001353,0.24102720060261432,0.21809222149441507,0.20252434390191784,0.16833559990556682,0.16657038354912485,0.172097359630518,0.15389169278465598,0.14505957450753815,0.14500324707462267,0.14192224165394643,0.14145754120449852,0.15171708241271842,0.15035172992615886,0.1522851900921221,0.152142265614335,0.15613281442143462,0.15542148154007435,0.15543738085446604,0.1576608261242159,0.14962566078563772,0.14976167088615808,0.13396997625040657,0.10952230672401309,0.13779630282925864,0.144172998294941,0.1548154930172419,0.14267964607345085,0.15541339455224634
69.0,0.0,0.2630504381858184,0.23739771527528095,0.20876009082915495,0.17944641304346887,0.16942402981597707,0.16731402894056374,0.15374711082086007,0.14076922808863182,0.16061441510287117,0.15606203268722693,0.1254916909109774,0.12492141616619105,0.12585556820954263,0.15022043356345713,0.1433785934155594,0.14433923049843014,0.15722576123240803,0.15201754030720854,0.13762507363586643,0.14989751855891745,0.15290837514724848,0.14612663004928297,0.15556735424551438,0.1388177428520469,0.1494300045669624,0.15090659124280223,0.13427609313980518,0.12403510857473198,0.14338897312530635
70.0,0.29611753386115713,0.26301181970981224,0.23399196753126925,0.2167555752103639,0.19403047659116937,0.17412716930422395,0.17039735210179713,0.16033090962414956,0.16829140570457557,0.16409703586129826,0.16012621711567254,0.1467315558615619,0.15567199153248457,0.15172992829313495,0.15123652498645243,0.1469177293682651,0.15674742805038916,0.14740931334726728,0.15134933369411704,0.1459795179039798,0.14821388596781274,0.14145560424191042,0.1408455945710177,0.14755284703448296,0.1492436204754953,0.14300830168673279,0.14390073942510467,0.1529058772957446,0.1493403332086239,0.1469926906678471
71.0,0.2949231398092193,0.25729809298023626,0.22929497407261518,0.21723849151606864,0.1975792415074994,0.18747423929157045,0.1736927637121319,0.17316462418844064,0.16732206119881277,0.15798600364968204,0.12146040916591307,0.15082678188263454,0.15689211180354698,0.151679280844221,0.15213521416907377,0.1548692974573217,0.14464739958539857,0.15405493449314478,0.1534316111411165,0.1549664815009477,0.14900473333220624,0.14900995332748107,0.14659405488274474,0.15463558746039216,0.1494702465046308,0.1502470864974366,0.15036315328289562,0.14978591826426338,0.1578197998374097,0.15460708875776086
72.0,0.29636378746706704,0.2587670796429777,0.2395899073355003,0.2052793065122878,0.1981874029251408,0.18659783276716513,0.17100192919855448,0.15197141113044424,0.1644506986477117,0.15702362950849585,0.1611424947021991,0.1558620435257411,0.15863399343535914,0.15781255892546173,0.14925463967388217,0.1487203733458603,0.1520135269339062,0.14758510116881568,0.14454739176421844,0.1400615240474078,0.15403790464407588,0.1525540190288109,0.1359682340211154,0.14291750671756018,0.15528767764010176,0.15406437298308517,0.15294887532651175,0.15400961637305668,0.14625325736365483,0.14948253169800463
73.0,0.29754612101388217,0.26843115422767927,0.24115096415808715,0.21407658820711395,0.19891125713935945,0.18854069391793515,0.17085482363617596,0.1718458873119508,0.1638197760197765,0.14704713357468657,0.13204918373188818,0.1403171937412994,0.14154635890647474,0.14200403856232507,0.14223039648060745,0.15739783311673272,0.14969769934125643,0.14907430986854384,0.1487479463903989,0.130729235465821,0.15271455509046375,0.1437171603953859,0.13858304803067645,0.13983464690046885,0.14263221234573042,0.15121941746526593,0.1527484222205651,0.14994317064182,0.14093899372054278,0.15392695390234498
74.0,0.2877235084858435,0.26513288775286137,0.23697776654651642,0.21120352726440828,0.19880112393169808,0.18621503952777166,0.1530147456858054,0.15734555953049484,0.16039549217580934,0.1526919879350898,0.15669512607001118,0.14560068868926077,0.15021936595961694,0.1411354939136029,0.1375878443660091,0.15477073335386307,0.13375240986827278,0.12491571746636518,0.14626556333116228,0.15209451942032498,0.14009312989400566,0.14120122753030465,0.15157941327191965,0.13865292901495374,0.14928133387718473,0.15250405912796441,0.1517019306333996,0.14682298979211528,0.13900505654190895,0.15101136052177197
75.0,0.2889427403459792,0.2627808004291934,0.24110476476328008,0.21686306827005752,0.18961960349012472,0.18859921457045367,0.17367576868858509,0.16486768144590666,0.16221624621679248,0.13059985716585626,0.13790065047119374,0.1457652549589646,0.15260515275344838,0.1462185029760065,0.1562309514396299,0.15382721855999668,0.1495419736525838,0.14478645808415813,0.1443329978518215,0.1447925771715893,0.14766182719309956,0.14854142178647128,0.14470911788288765,0.14284421696152153,0.1385736161911694,0.12093717604568317,0.12502827446099277,0.12465860843194086,0.1318952030513895,0.14539013731535733
76.0,0.29647714271375847,0.2628596564048238,0.2410200743852586,0.217637275930609,0.19994928897539843,0.1865561486565122,0.17403285117344608,0.16811414477274253,0.1613089072627973,0.14416561358044824,0.157111531541976,0.14417134255427014,0.13795504813519793,0.14849728716227106,0.14925660223919612,0.1471951215372063,0.14654112965259194,0.1475527007089827,0.13642503394672847,0.1332745925741642,0.1426083999293115,0.1373049329015127,0.14235102567847518,0.14847355624838834,0.136827509255731,0.14555385311658303,0.13983398241040634,0.15362254037954293,0.1512871867354658,0.15278030975687612
77.0,0.28983929139490744,0.26061984996437665,0.2349550669101148,0.21319545035110032,0.15865828518676567,0.15523025625801595,0.1588508146108457,0.14889001437681285,0.15686767908635507,0.16456700545486364,0.16095990483451783,0.15153933992067037,0.15931631330622625,0.1574325467699932,0.15654856418343965,0.15166400904212407,0.14738607250112248,0.15129016133935536,0.15320897796213787,0.14974714581299223,0.15171128286158075,0.15482341626125917,0.14124118266400257,0.14941342026735469,0.14974491466285864,0.15342338792893925,0.15586074767328822,0.15017873832889528,0.1498612167692671,0.14926377425307677
78.0,0.29433902605673284,0.26333161768739466,0.2374439111683967,0.18510933728301343,0.17749413626043825,0.164877807954079,0.16143619946107993,0.15686603688680478,0.15916640372410348,0.1562257616553271,0.1566883981026434,0.15874633862286225,0.1575807332225982,0.15655921801132935,0.14517486248274408,0.15232320914275832,0.14785267664821972,0.1543990602238511,0.14655802922934272,0.14545087937631854,0.1481636006562631,0.15274028274696605,0.15028586272601688,0.132788234900217,0.14664491253302553,0.14828576886226078,0.1274860434995799,0.14516266111031897,0.1531411651080278,0.1554116585041477
79.0,0.29532552605995643,0.2640763396076427,0.23797494746308853,0.21578890156089695,0.188870013421397,0.17784779444319634,0.17136947510886302,0.1609387741449235,0.16147097184243628,0.15311255272527907,0.1374811382816185,0.15165444146274104,0.14248774958978952,0.14123860098291413,0.1481129318596345,0.14695958070191692,0.14811460869469525,0.13886800875866803,0.1429834800208409,0.15204999778331277,0.1513152375447861,0.14288698122377758,0.14958397083144545,0.1438383274671579,0.15209354335263645,0.14360137300362041,0.14216299239623578,0.1514557206142765,0.14857218371300668,0.1522234772286595
80.0,0.29049780126700964,0.2568611732578315,0.23385002096393437,0.2138918925853665,0.20068659215127194,0.18621747770072955,0.1745367925401523,0.17037231417086426,0.1672067987505427,0.16403875743447574,0.1525160852581751,0.15176910727021836,0.15263646517338414,0.1470078748981229,0.15636595387511787,0.152970572710862,0.15486302273763275,0.14812942629108367,0.15453371996207968,0.1356733578971247,0.13875248357904682,0.14057296033732083,0.14251539867879207,0.153211649550354,0.14982833975673832,0.14802241738612468,0.15196446137937214,0.14876219908104052,0.15438924626016612,0.15647024321341402
81.0,0.2837909089898021,0.2659661449703527,0.2426856059672202,0.2186338309512489,0.19677620191088963,0.17459076683972646,0.1774797426648573,0.1613220655891747,0.15340985265059415,0.15796226078157316,0.15186610611658893,0.1591221183682832,0.15669004304756848,0.148620826895253,0.1490679631785443,0.14971429703802583,0.13807195991747157,0.1464390612245317,0.11641176328376834,0.12142887477789888,0.13929624443500047,0.1444888855292013,0.14534772882135108,0.1383789358214426,0.1473382220029604,0.15383347909229025,0.15247936152438976,0.145556855153458,0.14402668654465905,0.1457661787781076
82.0,0.2953264787650342,0.26014704407490047,0.23689047486134865,0.2165172355777055,0.1938262429058547,0.16594657679347716,0.16177938755788127,0.16386588643911404,0.15023056355268283,0.16218372928289687,0.15317049010928382,0.15365801977617644,0.15419740300289303,0.15516003712142543,0.15106182175379035,0.1467301797096295,0.15332335405452474,0.15049338622081823,0.14466945268052783,0.1490723444329876,0.1521771897141738,0.13418651971730816,0.12645906167126458,0.11342321232741173,0.1365299976116035,0.1386287834278919,0.14745728954656132,0.15391525473095072,0.14653978095369416,0.15153364936832686
83.0,0.0,0.2609605005508589,0.1845608017872458,0.21477305804496183,0.19797942942102542,0.16445960362367504,0.17896024307725453,0.1687267068824356,0.16200702971297307,0.15853839318264212,0.1525582293543209,0.15818395713875624,0.15597146538556306,0.1582869500971007,0.13501660041453595,0.13607767205044016,0.14472136389729992,0.13565051087052063,0.1411715893777397,0.13981278517651477,0.13558816226918072,0.13506659771377827,0.13119296728880384,0.15104780720838654,0.1546405038408316,0.15425926716305285,0.13420816083664389,0.1505597919229076,0.14722452340355496,0.1489661389569569
84.0,0.29627490797724576,0.2656495922316721,0.23472243485659292,0.17566630588004095,0.1938085641302766,0.14612257575255963,0.15916520376187696,0.1525817813525329,0.16309183624391646,0.15474847577732714,0.1430403773513002,0.15532055802630115,0.14834261337318058,0.15075734101433969,0.14196299196428022,0.12733960490407178,0.15018815106444444,0.15246383254290236,0.1455218061005298,0.14536457986420476,0.15002481802830928,0.13207704988478952,0.14640052558410172,0.151919605070125,0.15228144430249346,0.1426195189688396,0.1330596150537041,0.15191616930932259,0.1398077985912721,0.13015294755815518
85.0,0.29660416690035973,0.2493107989259427,0.22478474892462152,0.20409543427873802,0.20232378648915633,0.1814775298928538,0.1711365002937478,0.1657288301196903,0.15249063129448176,0.1521330832751264,0.14637562049379005,0.15380790760667729,0.14411483479263035,0.14084996857121365,0.1559284285074084,0.15045893311053454,0.15176463184638125,0.15787596578477586,0.14958136491031826,0.15280427721254417,0.15339785216456475,0.1557910793986034,0.15357520066881825,0.15088023345186696,0.15187354716465826,0.15580223010930697,0.13740714922876682,0.11177593088870234,0.14893808881489598,0.14303668119194302
86.0,0.0,0.2658221285494444,0.2401000183693221,0.21454668509758276,0.19852795916416305,0.18641606579454711,0.16906763798157626,0.1618518513948922,0.1603547027823938,0.15553644183584722,0.16104407827696562,0.15808178490852895,0.15268298205567488,0.1523835725973944,0.14882496940399195,0.15089176528246337,0.15780598162953238,0.14011901598022491,0.15337683321022483,0.1574011698273482,0.14919852448364435,0.1493460941302484,0.1467744338437867,0.1373564923917816,0.137284600520273,0.14905066242206783,0.14724470070217488,0.1503126999623876,0.14878111709888786,0.14330971042946822
87.0,0.29107714699239146,0.26212624293570835,0.22991798247747186,0.204813616789999,0.191617277368609,0.16881062089357607,0.16309205728101023,0.16736827271189,0.15396568243189945,0.15907787895597242,0.14293713781485287,0.13339950792381322,0.15149055579056034,0.15217830906078667,0.14867295789935306,0.15233765315222764,0.15464430020351555,0.1540920850004693,0.15068137886786065,0.14498294454678154,0.14166396733966638,0.15088021071206098,0.15406601851265572,0.14349101905310163,0.1459832037309606,0.13559613219117192,0.14859122292408647,0.14369887122492425,0.14521115859207148,0.14462895074671941
88.0,0.2965965694518815,0.26530582976340905,0.23923362266592935,0.19239071548784928,0.18913846330364725,0.18219604014076313,0.17522230210452558,0.168005643290421,0.16439425525520335,0.16151050396758707,0.14449589521948422,0.1538960125702669,0.14589654540534464,0.15771064986807046,0.11883326095712216,0.14419432884764938,0.14245734904639626,0.1543348071367869,0.1549385668594337,0.15563189399341867,0.14936891558435106,0.13120476195451722,0.134836609396454,0.1504001331702318,0.15488512199515644,0.13801481733615265,0.15018423132860612,0.1492740158198554,0.1516038013496403,0.14977369791469006
89.0,0.2947662588975911,0.26437411061714844,0.21451188388346748,0.2051947646161138,0.1851807507108585,0.1786974739344951,0.14462161165399012,0.16803607428238268,0.16006884094344084,0.1622768198441765,0.1598360513236014,0.15720361983888123,0.15277972141424903,0.1527220352922321,0.15546239111212656,0.15242171929490514,0.14038665395027342,0.13889733788675732,0.1484381485210159,0.14973428613787038,0.12485049685028134,0.12388668849152006,0.1408806207613055,0.14854687474493974,0.14846764128728684,0.1515850131690945,0.15632617737398835,0.15270182039169458,0.14496789471312987,0.14090327864285143
90.0,0.0,0.2612267803855985,0.20108409208251285,0.2199957765989245,0.20039944084334763,0.17851409683797495,0.17181036369674552,0.1664653140235105,0.16795686772104587,0.1593985195120655,0.14950038531008808,0.16006886409539328,0.15103730521305317,0.15450103099402765,0.15106920132688928,0.14841192554013705,0.1508843819230344,0.1248582314586764,0.15379831437514271,0.1527372917304007,0.14927713327400838,0.13367297469670045,0.14900642940650596,0.147892658135377,0.14281256069127285,0.15504544654253802,0.15056237179621998,0.14521261216327763,0.14944166364653652,0.15306215047595498
91.0,0.29681507066468704,0.26674585045400073,0.2330018225108166,0.21835975725574858,0.19544013172577387,0.18441105305787867,0.17704886276480686,0.1558946943360143,0.15426941027713142,0.14761616022279728,0.14674275005081905,0.15991140867517892,0.1455266331645488,0.14265881483550108,0.13266658141592128,0.13210896671588143,0.1468246726569749,0.14929142758155273,0.15027978712438914,0.14654113297077162,0.14753672223766495,0.1524283101016168,0.14871815940821456,0.12714547126493872,0.12782667292160516,0.14212894418544791,0.13104214497422692,0.14429088760504633,0.1496312447654391,0.15063267100064076
92.0,0.2981737481819899,0.26829219491502565,0.2349903684956495,0.21590816890785333,0.19488650440597027,0.1868892108677195,0.17062197454817118,0.15993583146802115,0.1543741875842925,0.14791697137172768,0.15499772386404287,0.1572299725897831,0.14756507938195937,0.13702746040438296,0.15361205896806254,0.15380342697168994,0.1496195401185608,0.15461051547345817,0.13746517488938859,0.15044307824121173,0.15517532864712758,0.13807951942479765,0.151972884988783,0.15460327441626368,0.15319019152670738,0.1367073644251398,0.13953988467357353,0.1536492534292398,0.1518037962209917,0.14907308510184195
93.0,0.29086716689853126,0.2533967207259368,0.2008407233948895,0.19825799043213302,0.1985910460878746,0.15709289174484997,0.16312446716296033,0.15969328533555716,0.14881288239225915,0.15023552609749202,0.15668865788140773,0.13527114282906033,0.14442103320372876,0.14794011691185469,0.14612155290079806,0.14906140069733778,0.1437699916630085,0.1487956432052274,0.14258276832642242,0.15064778622278496,0.14355243145304178,0.14975903248133776,0.1408942797720672,0.15469616075011466,0.14085623448939327,0.14924752371762837,0.15038646759651544,0.15114075420394618,0.13864779920874523,0.1342078977878047
94.0,0.295278378662797,0.2597546562370258,0.23316617844102988,0.21479547304956428,0.1980867914899357,0.10821712658399152,0.15962511783710467,0.16015918168872495,0.16579982874313265,0.15701966253282842,0.15126964564723155,0.15559862495360163,0.15346956592512068,0.15452992548570163,0.14957552624563922,0.144435033018451,0.1460722465638004,0.15349585059250243,0.14556910256840971,0.1392482286053679,0.15470084377048407,0.15027377489689106,0.14591927571354094,0.14353693941977375,0.1386598290922218,0.13294368600343734,0.14617106592317153,0.14304814272405114,0.153628069524441,0.1431229412094508
95.0,0.1930067066465697,0.26654593399666704,0.2340090942736657,0.20206917691141157,0.17244239469105527,0.17745793240128016,0.16967047993127443,0.17079180033158214,0.16531541243428632,0.16267006855969746,0.1606487527928533,0.14686857909976533,0.151995684871404,0.133983959157695,0.1467622304739178,0.14148709547195334,0.1365719007649492,0.1352311589191476,0.12680054086561943,0.13965628301562902,0.14556695184716117,0.1539524940028617,0.14566947700999935,0.12825191263446678,0.14657604754258757,0.1464727679958396,0.15259144915539083,0.14237876689182438,0.12410129508304972,0.1490400355566242
96.0,0.0,0.2661622201254951,0.23915507661855492,0.21300552597374556,0.19538938633546699,0.18491447197351502,0.16555840066123823,0.14534325089554856,0.15316530614558022,0.14753165056306852,0.14822959861161683,0.12398809761288011,0.1498328708966008,0.1517675895496581,0.13168946843579865,0.1510882038709396,0.13389267625961945,0.155635709690241,0.15590799271034889,0.1420233447333193,0.13055756864437001,0.1535554561960939,0.15740196433200868,0.1502207874145546,0.15192504383288227,0.1544954446589823,0.14599598566485858,0.15513366952833965,0.14937885621720215,0.13374949267998995
97.0,0.29651924754463954,0.26681430390505584,0.23865920913568034,0.210732694192441,0.19871560447113942,0.18187462872404536,0.1695025134790944,0.1568634935174119,0.1491218093876866,0.15733503292403844,0.15497204705793205,0.1600046415184138,0.15855384939685613,0.15568990328163138,0.14418215446643218,0.14963916242459113,0.1497545060681843,0.15707872144983878,0.15477028006368432,0.1551807868757945,0.1505563747057191,0.1448573897473708,0.15025586448486072,0.14578928860223553,0.15087991019774843,0.1562423093014783,0.14885347071131153,0.14961137245938536,0.15489145729895426,0.14571035982189717
98.0,0.296474596617999,0.26540191331626917,0.2307910704058402,0.21012306459142957,0.19619385730638736,0.18401803855438895,0.16990876486037207,0.14131836999697578,0.14621365843215756,0.13628247713052172,0.16255441781975163,0.15178258471070988,0.14675785226592986,0.15597052982356907,0.1566035650430471,0.157557592090107,0.1571829201346906,0.15616256649567964,0.15086025075141193,0.14717909483762867,0.12244397249899522,0.15102764421189163,0.14956155743258062,0.15169415913914597,0.1468706587020565,0.13833492366589817,0.13862452467364192,0.14722204455148744,0.14880604669446704,0.15083942148424856
99.0,0.2961089460263938,0.26245001547316915,0.23787757107323496,0.21529184967150014,0.19175039866242014,0.17697133879923754,0.15141742231393143,0.12326604369581104,0.1605817534862966,0.14812572918205613,0.1564564700389226,0.16061657714393288,0.14991611802226248,0.1540803862803284,0.15637411231755569,0.15635069142725633,0.10292355972833213,0.15592447581449928,0.13282825256889583,0.14472597286160147,0.1448705923934476,0.1316792059229667,0.1378764851279199,0.13809913568476018,0.1512007607888362,0.15386211931403043,0.14423698103818683,0.15031234179714625,0.15427457100241246,0.15582783334598763
100.0,0.2967029564511267,0.26293031446968235,0.23291474763420617,0.20076714931615516,0.17707525073666794,0.1749032062559035,0.16753567897806504,0.17015963542936582,0.1504827511431033,0.14215132719496046,0.14755869484261758,0.14877149869539708,0.15041685571902177,0.14961314593014993,0.14159038961702478,0.15376322581898888,0.1428813905355901,0.14389021288230452,0.12594739188956028,0.15724010879119954,0.1446327797155987,0.14466780829769288,0.15433778871903225,0.14544183637429373,0.15505262626157565,0.14575489967692978,0.1535654170015752,0.1518525356518542,0.15171882974292872,0.14941793454288008
